filename,label
0000.jpg,1
0001.jpg,2
0002.jpg,5
0003.jpg,3
0004.jpg,5
0005.jpg,3
0006.jpg,1
0007.jpg,6
0008.jpg,6
0009.jpg,6
0010.jpg,3
0011.jpg,2
0012.jpg,5
0013.jpg,3
0014.jpg,5
0015.jpg,3
0016.jpg,0
0017.jpg,1
0018.jpg,3
0019.jpg,4
0020.jpg,4
0021.jpg,6
0022.jpg,3
0023.jpg,0
0024.jpg,2
0025.jpg,4
0026.jpg,2
0027.jpg,1
0028.jpg,5
0029.jpg,1
0030.jpg,0
0031.jpg,1
0032.jpg,3
0033.jpg,3
0034.jpg,1
0035.jpg,3
0036.jpg,2
0037.jpg,6
0038.jpg,6
0039.jpg,1
0040.jpg,4
0041.jpg,5
0042.jpg,1
0043.jpg,1
0044.jpg,4
0045.jpg,3
0046.jpg,0
0047.jpg,1
0048.jpg,2
0049.jpg,5
0050.jpg,4
0051.jpg,2
0052.jpg,5
0053.jpg,2
0054.jpg,4
0055.jpg,1
0056.jpg,1
0057.jpg,4
0058.jpg,0
0059.jpg,2
0060.jpg,3
0061.jpg,1
0062.jpg,0
0063.jpg,3
0064.jpg,4
0065.jpg,6
0066.jpg,0
0067.jpg,6
0068.jpg,4
0069.jpg,0
0070.jpg,1
0071.jpg,6
0072.jpg,2
0073.jpg,1
0074.jpg,6
0075.jpg,6
0076.jpg,3
0077.jpg,4
0078.jpg,1
0079.jpg,5
0080.jpg,4
0081.jpg,6
0082.jpg,5
0083.jpg,6
0084.jpg,3
0085.jpg,6
0086.jpg,3
0087.jpg,0
0088.jpg,1
0089.jpg,1
0090.jpg,1
0091.jpg,1
0092.jpg,2
0093.jpg,5
0094.jpg,4
0095.jpg,6
0096.jpg,6
0097.jpg,5
0098.jpg,1
0099.jpg,6
0100.jpg,2
0101.jpg,0
0102.jpg,5
0103.jpg,2
0104.jpg,0
0105.jpg,2
0106.jpg,1
0107.jpg,4
0108.jpg,5
0109.jpg,4
0110.jpg,3
0111.jpg,5
0112.jpg,4
0113.jpg,5
0114.jpg,2
0115.jpg,3
0116.jpg,2
0117.jpg,1
0118.jpg,4
0119.jpg,6
0120.jpg,1
0121.jpg,2
0122.jpg,2
0123.jpg,3
0124.jpg,2
0125.jpg,5
0126.jpg,0
0127.jpg,2
0128.jpg,6
0129.jpg,3
0130.jpg,5
0131.jpg,2
0132.jpg,6
0133.jpg,6
0134.jpg,6
0135.jpg,6
0136.jpg,3
0137.jpg,3
0138.jpg,1
0139.jpg,4
0140.jpg,3
0141.jpg,1
0142.jpg,5
0143.jpg,2
0144.jpg,2
0145.jpg,5
0146.jpg,0
0147.jpg,5
0148.jpg,4
0149.jpg,5
0150.jpg,6
0151.jpg,4
0152.jpg,1
0153.jpg,0
0154.jpg,6
0155.jpg,6
0156.jpg,1
0157.jpg,1
0158.jpg,2
0159.jpg,4
0160.jpg,0
0161.jpg,1
0162.jpg,5
0163.jpg,4
0164.jpg,3
0165.jpg,2
0166.jpg,3
0167.jpg,3
0168.jpg,4
0169.jpg,6
0170.jpg,0
0171.jpg,6
0172.jpg,5
0173.jpg,6
0174.jpg,5
0175.jpg,0
0176.jpg,1
0177.jpg,0
0178.jpg,5
0179.jpg,5
0180.jpg,3
0181.jpg,6
0182.jpg,5
0183.jpg,2
0184.jpg,6
0185.jpg,4
0186.jpg,1
0187.jpg,2
0188.jpg,3
0189.jpg,3
0190.jpg,5
0191.jpg,5
0192.jpg,2
0193.jpg,1
0194.jpg,5
0195.jpg,3
0196.jpg,4
0197.jpg,6
0198.jpg,1
0199.jpg,3
0200.jpg,3
0201.jpg,4
0202.jpg,4
0203.jpg,2
0204.jpg,4
0205.jpg,5
0206.jpg,4
0207.jpg,0
0208.jpg,4
0209.jpg,0
0210.jpg,2
0211.jpg,6
0212.jpg,0
0213.jpg,4
0214.jpg,6
0215.jpg,0
0216.jpg,2
0217.jpg,6
0218.jpg,4
0219.jpg,4
0220.jpg,1
0221.jpg,0
0222.jpg,5
0223.jpg,4
0224.jpg,4
0225.jpg,2
0226.jpg,2
0227.jpg,5
0228.jpg,4
0229.jpg,3
0230.jpg,1
0231.jpg,5
0232.jpg,6
0233.jpg,0
0234.jpg,5
0235.jpg,2
0236.jpg,3
0237.jpg,1
0238.jpg,5
0239.jpg,2
0240.jpg,4
0241.jpg,5
0242.jpg,1
0243.jpg,0
0244.jpg,0
0245.jpg,3
0246.jpg,1
0247.jpg,0
0248.jpg,2
0249.jpg,0
0250.jpg,0
0251.jpg,5
0252.jpg,6
0253.jpg,4
0254.jpg,1
0255.jpg,6
0256.jpg,4
0257.jpg,2
0258.jpg,4
0259.jpg,1
0260.jpg,6
0261.jpg,1
0262.jpg,3
0263.jpg,5
0264.jpg,3
0265.jpg,1
0266.jpg,1
0267.jpg,0
0268.jpg,2
0269.jpg,3
0270.jpg,4
0271.jpg,6
0272.jpg,6
0273.jpg,4
0274.jpg,5
0275.jpg,1
0276.jpg,4
0277.jpg,0
0278.jpg,5
0279.jpg,2
0280.jpg,4
0281.jpg,6
0282.jpg,4
0283.jpg,3
0284.jpg,1
0285.jpg,4
0286.jpg,0
0287.jpg,0
0288.jpg,6
0289.jpg,6
0290.jpg,2
0291.jpg,6
0292.jpg,4
0293.jpg,2
0294.jpg,0
0295.jpg,0
0296.jpg,4
0297.jpg,1
0298.jpg,0
0299.jpg,2
0300.jpg,6
0301.jpg,0
0302.jpg,5
0303.jpg,4
0304.jpg,3
0305.jpg,0
0306.jpg,5
0307.jpg,2
0308.jpg,3
0309.jpg,0
0310.jpg,5
0311.jpg,0
0312.jpg,6
0313.jpg,0
0314.jpg,4
0315.jpg,0
0316.jpg,4
0317.jpg,2
0318.jpg,0
0319.jpg,0
0320.jpg,5
0321.jpg,1
0322.jpg,3
0323.jpg,5
0324.jpg,5
0325.jpg,3
0326.jpg,1
0327.jpg,2
0328.jpg,5
0329.jpg,0
0330.jpg,2
0331.jpg,6
0332.jpg,4
0333.jpg,6
0334.jpg,3
0335.jpg,4
0336.jpg,3
0337.jpg,2
0338.jpg,3
0339.jpg,5
0340.jpg,0
0341.jpg,1
0342.jpg,2
0343.jpg,2
0344.jpg,5
0345.jpg,6
0346.jpg,6
0347.jpg,5
0348.jpg,3
0349.jpg,5
0350.jpg,0
0351.jpg,0
0352.jpg,2
0353.jpg,4
0354.jpg,0
0355.jpg,0
0356.jpg,1
0357.jpg,4
0358.jpg,2
0359.jpg,3
0360.jpg,4
0361.jpg,4
0362.jpg,3
0363.jpg,6
0364.jpg,1
0365.jpg,5
0366.jpg,1
0367.jpg,0
0368.jpg,3
0369.jpg,3
0370.jpg,6
0371.jpg,3
0372.jpg,3
0373.jpg,0
0374.jpg,2
0375.jpg,2
0376.jpg,1
0377.jpg,0
0378.jpg,3
0379.jpg,0
0380.jpg,0
0381.jpg,3
0382.jpg,0
0383.jpg,2
0384.jpg,6
0385.jpg,3
0386.jpg,2
0387.jpg,3
0388.jpg,6
0389.jpg,6
0390.jpg,2
0391.jpg,2
0392.jpg,5
0393.jpg,0
0394.jpg,6
0395.jpg,5
0396.jpg,1
0397.jpg,5
0398.jpg,1
